294.0,12.0,-241.5393340402581,-34.86856689688234,-300.0,-192.0,-9.042791180372674,-96.0,21.19834534144354,-300.0,-188.12023005428145,-198.0,-188.0,-300.0,-93.0,-300.0,-300.0,-300.0,-300.0,-87.17389454541743,-174.0,228.0,25.0,-249.35481432524756,-53.0,-198.0,-300.0,-244.76350909297935,-197.0,-249.73958319756792,-194.48555979169873,174.84107874516965,-186.0,-300.0,11.0,-300.0,-224.87491742782046,-191.55321115357702,-300.0,-300.0,-300.0,-91.0,-228.5890177387728,-300.0,-145.12071245835466,15.0,-200.93147180559944,-300.0,-300.0,-12.557422135869132
-215.11161131748227,-76.8941208350872,-8.02585092994046,-79.0,20.568652736084672,-3.872486584002502,-300.0,-300.0,-300.0,-300.0,30.47209864875372,-198.0,-197.0,-199.0,-198.0,-300.0,-182.0,19.122453249386623,-195.0,-300.0,-103.07333185232471,-300.0,-236.4027584517077,-300.0,130.56827866020012,-300.0,-213.188758248682,-88.0,-300.0,-190.10550158534423,-207.05134968916488,-147.0,-300.0,10.0,-144.16157159698355,-109.02618975744906,-300.0,-191.0,-140.93374193121292,8.137056388801094,-70.9861228866811,-300.0,-300.0,5.0150296873417375,-300.0,-191.5227037614174,-192.0,218.0,376.2796495402155,294.0
-300.0,45.0,-228.81783550292084,-300.0,45.0,-300.0,-300.0,-300.0,-35.23481312573497,-1.0,27.0,8.137056388801094,-206.9295685089021,-31.916258970522534,-196.93147180559944,-195.0,3.4435072963399804,-191.46243020120338,-91.0,8.0,-300.0,-300.0,-185.90581416324608,-300.0,-300.0,-88.0,-204.9650756146648,-126.46203190540153,-300.0,-95.0,-59.9341183187028,12.0,-129.27793987721444,-188.0,-300.0,-98.77633832602727,-300.0,-96.0,-110.32599493153256,-105.05802066295998,-300.0,14.0,5.0,-102.2535169073515,-39.818894838674694,-85.0,-300.0,271.0,0.3715536974009268,10.0
-300.0,-196.0,89.0,137.9276485555903,-300.0,-219.3549421592915,13.0,-300.0,-196.0,-127.5966867102994,-222.2934562895444,12.0,-175.0,-189.501261661455,-93.0,-231.42334251964812,-82.60443010546419,9.0,-36.0,-33.48555979169873,23.0,4.446519385105866,-66.23817893264372,-263.2297125104942,-171.0,-300.0,-88.0,-148.0,-65.10873864173311,-300.0,-127.05671327006914,-124.32701738815135,-110.5582705760126,312.0685281944005,130.06852819440053,51.926486207226816,-254.96694331622712,26.137056388801092,-37.70529135214711,151.75944693981336,-196.0,-49.79251103593447,-226.90292882446596,-300.0,8.0,-49.9722457733622,-166.67831775980804,271.0,0.3715536974009268,-300.0
-300.0,-87.0,240.06852819440053,-189.0,241.0,-1.3447393313069114,-33.48555979169873,-300.0,47.0,-49.85392371615528,121.1370563888011,-159.8629630715272,268.0,186.39377160072155,-300.0,273.3366690154308,-95.0,51.926486207226816,-300.0,-186.89599269178967,99.08240530771945,-300.0,9.0,128.40959243816488,12.0,-173.0,-218.58096538021482,90.50923915104781,177.0138771133189,-198.0,-210.03405521083096,62.55609100858628,-58.0,-91.0,-300.0,38.0,-133.28511003591183,-50.15084213295618,-199.0,-300.0,-300.0,55.0,85.15032521329428,-196.0,-251.80699752224564,-182.0,1.5392107175484142,-104.0,20.0,67.23651929552253
28.0,-179.0,-300.0,-300.0,71.0,-300.0,104.24826184766174,68.0,-300.0,-54.39218776551866,0.3715536974009268,24.0,23.0,-81.0,113.26109303647726,-182.0,308.0,219.0,9.0,12.0,48.233338809839445,170.0,-10.220598816291428,-56.923241566887825,83.0,-98.41642422609304,-82.20534999272286,90.0,-93.0,0.7425332628679797,105.80492294823893,14.0,26.0,27.0,-8.913478822291438,109.35651808532164,-141.83314809433213,-55.83695426166114,-205.1087386417331,259.6918320115669,-220.3695260241363,65.36190290891204,-20.35360504879543,99.0,10.0,69.0,20.0,273.2471240399635,193.06852819440053,241.0
32.0,-300.0,-94.0,27.0,-300.0,18.0,-300.0,-144.04448802421982,-300.0,-300.0,-94.0,10.0,-197.0,95.08240530771945,-199.0,34.0,38.0,55.61133000054477,168.08113165593605,25.0,52.920506340068705,-187.83311425870977,137.0,70.89082087355776,-300.0,10.370395198640537,233.0,-196.0,171.10345257973574,-129.591161280971,6.0,-300.0,91.0,6.0,202.0,-47.0,93.32023998906246,-95.0,-46.0,-300.0,-116.50470422144176,-94.0,105.96422263062048,177.0,-194.0,92.0,33.0,57.884877445339896,30.0,259.6918320115669
505.5223895830745,257.22663185521793,10.0,84.0,-76.0,44.0,14.110159534357251,-96.0,-199.0,279.0,-300.0,10.0,-300.0,-0.6829353061712595,-112.39057329615258,29.0,-195.0,52.920506340068705,-54.0,-196.0,5.0,-300.0,-41.0,239.0,146.37320122958684,165.43892339304108,7.0,-300.0,-112.0,-170.91820298110628,1.2741127776021877,28.0,3.0,18.0,44.0,-188.0,8.0,-26.58432291951233,7.0,-94.0,15.0,93.13705638880108,5.0,303.0964054567594,-300.0,21.150933502119997,11.0,156.68981899517917,190.0,57.9260933717954
-197.0,17.0,311.0,654.8860172156335,308.0,-300.0,204.0,32.0,15.0,49.0,-17.874917427820463,-300.0,48.0,-90.0,271.0210472720163,-300.0,165.0,549.5619457814631,74.65526066869307,-194.0,178.0,469.3710938516906,175.0,-148.9570329382853,12.0,187.98802618337845,255.03682768203254,-300.0,-19.543472962535077,262.0,158.99519634207584,-19.569090527695998,-90.0,8.0,-139.0108212425987,-300.0,-300.0,278.0,286.0,63.0,7.0,-66.0,76.09628242103835,146.87976994571855,29.0,-300.0,38.0,505.5223895830745,318.0,-300.0
-300.0,79.0,-300.0,645.7641489804762,44.0,11.948298140119078,-35.862963071527204,-300.0,26.0,-186.0,-300.0,587.0,232.47136585485399,7.0,39.0,271.0210472720163,8.0,266.0,-83.0,12.0,60.0,-80.2487168619781,32.873451142639475,180.0,20.0,29.0,241.63801551605505,-197.0,126.0,263.669682672138,-27.468491393342852,130.0,-77.48759890378169,766.2823893918619,105.36358524644123,-300.0,350.0704314910979,150.0,32.38799884306437,-93.4085826760854,16.0,663.2613193332213,29.0,-198.0,100.05728453857495,10.0,-218.76666119016056,375.6689233432744,482.2979083723137,695.0
275.1370563888011,214.0,-88.0,534.3142155889741,191.5944357825918,729.0,-85.69447852467022,-300.0,19.0,7.487583150123243,-185.0,29.0,104.0,680.0,507.5638490781605,-188.0,171.24660763433263,-300.0,7.0,196.36404254460734,276.5476365051564,234.0210472720163,97.0,155.0,375.3703951986405,331.60060913459387,394.30570503523165,7.0,-300.0,45.147563920241666,280.7656972335488,180.0,34.0,663.2613193332213,227.17198077413627,396.90338093827836,45.0,117.0,24.0138771133189,345.5408985094469,306.66012795514854,-300.0,-191.0,-197.0,101.0,-300.0,265.34264097200276,766.2823893918619,327.46056615889466,698.8251188646369
26.0,902.2652432168595,394.30570503523165,624.6006470505631,504.08370031559105,346.0,667.7942839827228,11.0,358.53082798952266,339.46409808893634,478.8572161044125,222.62391290721087,332.0,480.0210472720163,411.20531291690907,31.0,881.239693814794,-300.0,-134.97761700622567,140.06852819440056,625.7220601227856,266.30186700423997,-300.0,413.0,378.88223912132,281.0,181.0210472720163,-300.0,624.386052190039,-136.1338421837956,410.0,41.0,389.76579355350253,260.0,-300.0,787.5196501081936,145.0,347.23356510658357,336.0,211.57498872035487,562.2333388098394,221.04973667020636,444.4329117331041,600.6094267038475,574.0210472720163,6.0,180.0,692.6113289934493,324.0,698.8251188646369
494.3030274353783,557.0210472720163,-300.0,366.9526220337539,857.0,178.64169637785608,62.0,528.2706395433985,67.0,498.08793662863184,624.1617481767026,-300.0,573.0210472720163,210.69670795843356,648.6583850895616,530.9266681476753,759.2320984887606,57.0,90.0,302.5326402320703,125.25717137252954,624.386052190039,692.6113289934493,428.5191589155451,6.0,364.65893495402736,388.94819467174574,51.0,623.8713384877724,-132.61640392208574,853.9630266090562,436.9610740115071,219.4652961731547,539.0915902806258,-153.03644295186174,-34.45224773829685,400.87815644627585,189.41721447932008,261.7853908213775,-300.0,452.10696536645844,137.0,355.0964660990764,104.0,220.97970592938967,867.4682648888291,708.4406816049886,881.239693814794,182.89201244138476,623.4735887472868
672.0,31.0,324.9148997579099,574.0752167505476,485.54089850944683,727.5979123505366,767.4491120188775,691.3802052131471,-135.0255859461357,60.0,507.15810366081735,454.9112937080874,490.52687516360953,486.0210472720163,-147.086003379602,401.06427281370696,759.2320984887606,254.49090839033232,221.10909550088937,423.0,752.6397391358112,121.02787726235886,-300.0,881.239693814794,866.7206321627081,233.1511705391718,302.5326402320703,-300.0,-300.0,274.0669384932285,388.01002034130204,956.3015982793156,853.9630266090562,471.85016312549084,-300.0,479.3747108683765,706.1298187563676,428.2194616965205,446.67315124032376,857.0,367.23351164950986,454.22663185521793,367.5393810110204,693.0475762133234,708.4792998102059,602.5300490756497,218.23507237100932,865.8000353698447,269.0,573.6833301617294
639.7502718671574,442.60879671095535,-300.0,287.0616905883137,730.905620875659,713.4215523327758,704.3415135578229,-300.0,134.0,75.10436046322364,883.1424169934915,61.0,566.0015644691887,827.1796446305282,775.1701588913982,190.67014021503033,956.3015982793156,940.1975442535936,73.4772657195337,311.8247613402475,372.3480889721516,853.2866891966709,33.54089850944686,-300.0,-300.0,792.6948003468962,-300.0,525.3358419798825,405.0,742.1453788060376,711.048801498654,-300.0,-300.0,287.4742736117437,373.0,893.9453363932021,222.60586454381234,183.48034773088668,706.1298187563676,-300.0,348.00575582214066,282.0685281944005,313.610721711719,472.1578483550111,573.4424894454481,663.2613193332213,848.4602095245882,380.5624284318244,345.0,586.3002965952417
120.0,471.1573326703209,714.4465193851058,496.2960319240221,334.1370563888011,816.316893617455,693.889274444936,575.5974528872258,-98.0,437.4749000222874,919.8954020575816,361.13705638880106,786.5967562951876,439.5619457814631,805.2898651956655,558.0416313399567,214.0,499.702790944773,-300.0,176.32787267691344,656.2654166574043,305.9557492474198,713.4215523327758,429.905620875659,813.0631418160489,-300.0,695.6457131965082,185.75315206868777,433.6226955283406,739.1930280461526,747.9219404642129,949.5881385143421,547.9466846406764,-300.0,692.9322609878318,707.1688613960839,-300.0,-300.0,517.8380692395704,-300.0,-300.0,256.43690713515656,532.4840013586588,964.5285369236797,455.22663185521793,873.8207986065324,26.64758728986341,230.9656758884558,853.2866891966709,418.0
762.927080980651,590.2899241798618,697.0776016497953,929.720632162708,183.84040211703598,565.5052847346154,832.6802103764419,889.4428956795159,650.0,277.8180015435514,-300.0,610.415167212383,813.0631418160489,729.8278473646899,424.0685281944005,9.0,-300.0,222.2319850942952,504.0,-300.0,482.11120545886064,265.7299750794199,356.0,393.0,338.0420945440326,9.0,225.0,184.11966774616928,-300.0,193.71779474121098,620.3955698945358,562.414230961861,816.316893617455,183.26945331484504,221.33611388522007,34.905620875659,-300.0,495.8190491449261,340.4087425232596,638.5892486063353,873.8207986065324,322.0,836.9709595498589,-300.0,728.0178028928316,666.0,736.8946810864085,45.0,945.6926665971367,530.2180833342761
643.173993135588,775.934224647247,751.2954091329867,749.0962824210384,392.5829930534794,775.165036912183,34.102844290910014,837.5974528872259,545.6678665594378,168.20558458320164,971.5602343036637,997.2055845832017,86.65472015636777,857.8703537285926,770.0559460889533,-300.0,251.56194578146315,15.624138402736143,15.0,581.0023598817063,877.3320646557447,3.784370144093966,422.0,786.962175253438,30.705709124885765,452.4796973608038,0.8649699436173037,64.0,849.139814584005,183.96422053947754,-300.0,258.4533100443231,558.4135974703838,548.8068262449362,341.0,898.1726717720037,812.9923285348344,152.98699206118533,109.91761096526591,350.3488885053631,220.88355475450632,873.0201486701872,591.697631269216,204.25673115255063,225.0,614.0685281944005,22.0,515.0,309.54089850944683,489.3205289156645
494.0,862.2727523591557,243.0230099469046,651.1099951195953,725.752298307988,452.2793610733439,218.13211754064565,666.0072615278611,867.6665817124342,592.1833932967547,294.0,-300.0,435.22663185521793,234.77764001102707,67.0,864.948298140119,910.1522093306767,997.2055845832017,363.0,361.46106576188987,707.3842723119594,336.3704111729909,773.0843086044168,837.105950914977,349.1370563888011,-300.0,315.0,191.66503201876245,847.1796553659622,-300.0,994.137056388801,462.7772801037593,618.8500488754029,514.9941168704805,361.0,67.0,791.0711105961398,389.0,42.0,406.2257132578324,285.4672308022183,690.0,775.165036912183,574.95261131865,861.9692718708084,-300.0,769.0934073070314,96.0,204.08044361185597,889.3856913509295
622.65357670867,572.0183568218555,818.6697698561352,476.1904798556418,529.4612310839946,266.0,325.7226115946711,566.775633610814,56.98802618337845,-117.83570296007568,10.0,428.0,457.9210139253702,299.6985622965445,610.6320831829462,602.6544032637015,41.34264097200273,746.0156793360932,284.12739590387224,564.0578749540489,494.0,64.0,771.7611947915373,268.08240530771945,1008.2055845832017,522.998840159584,297.48600250131534,85.99519634207583,180.7684461437368,383.0138771133189,109.0,792.712359936598,711.8813676915028,379.829434442091,-300.0,144.4250676587117,134.35050642538462,102.0,380.0,19.0,462.3426409720027,673.7891974147723,337.1370563888011,740.3873616123419,379.33468222663413,391.56574883080754,259.0956448293765,985.2879898909212,867.6665817124342,7.54411719196472
133.0,279.4126002595827,-300.0,631.207487879899,-56.0,221.68491592285807,443.18267090200516,-300.0,190.75365780984836,437.1405075223681,366.89082087355774,797.5698788598155,657.4805810833159,953.3517144273974,33.0,966.532626283337,223.03411105124246,854.0060603406923,-300.0,955.4595068177031,777.8940148639675,709.4539590051204,222.41747893170813,223.64370343704545,897.8379618557627,225.62353015130924,190.0,752.2838815276814,265.5236316964339,686.0603517561971,387.0,591.7440212867225,209.47045298679973,872.3080510299992,708.2296152768031,457.0,210.36166586483748,534.2908562305288,221.09295412063702,282.04907143174256,-300.0,554.7152211335788,413.6582282025015,520.2610930364772,376.0,925.853130432903,215.0,907.9578865961489,-300.0,186.77872363693336
169.86427933295693,184.71509857967675,698.2998322734671,665.4635247903851,796.147016536863,-300.0,-300.0,222.99659765615098,633.5299012511373,-300.0,826.5964069627225,470.0,11.0,513.6368546555445,416.8179295059422,764.5790415772999,675.2055845832017,184.1648106154389,828.4130724631007,217.1431565193816,186.30217763519525,812.1614093491941,216.51010798003233,62.0,862.457384409659,801.828888400368,450.21946169652057,907.7718035053133,184.13545308610844,778.7549119690108,517.4771476167977,9.0,451.0,232.87258208203582,139.0,637.4564549774498,42.648900581368935,245.82873743143577,853.9251708214064,-300.0,644.5960403842521,491.677954898248,837.7174200831796,881.8525137229226,772.2055845832017,486.35050642538465,772.2013142341423,993.3020933009841,-300.0,864.113108755558
394.0,330.0685281944005,823.6779548982479,272.0,5.0,272.4150018917712,534.2322256811503,370.5929165511892,444.0,182.54339314866417,746.0326559223331,631.4805110974216,797.0277542266379,507.0,612.9443046462388,429.47158236006004,289.0,27.0,365.17326958447774,-224.67534450455582,699.6218281528115,-300.0,42.0,840.2562893785532,566.0,619.0,-198.71489295214278,901.6449116081901,728.6820285022732,844.8389959779558,351.39519485172593,316.71481761559215,-300.0,-185.0,653.877689899022,747.9588525062894,766.1465181041507,43.0,683.8127639735543,470.1312068063736,448.77115490262725,873.7057091248857,770.1184582181875,402.81501128704906,501.15093350212,758.1537829980675,176.0,863.191987594339,446.03343524877084,130.54089850944686
754.1250825721795,643.4208981404059,659.9066177699084,876.726756396902,-300.0,887.165036912183,558.6174542347387,406.1266470413683,464.9453363932022,700.0685281944005,612.9889128760457,482.4176831443687,166.0277542266378,-195.0,282.81245773583873,405.1096523570338,958.258030597741,1070.8318525793793,826.96362423906,346.7479680627279,89.96695091940924,148.905620875659,-189.0,213.61234651859706,898.0507047953515,393.9885395854429,459.0,212.36747064992295,747.9588525062894,855.3696066119692,423.1936086271505,583.0824053077195,388.0,676.7750719048561,771.0,382.52028783232004,468.66493515712307,527.5966982850798,304.0,669.839166568998,682.8074857326492,496.21071235802793,14.0,564.8410706246216,863.8965962802382,503.9297198800851,619.0,863.191987594339,855.1998334634743,985.6810725163659
407.0213658054216,-300.0,965.5873645484157,474.7132624673874,-198.8346258641309,358.0,242.04163133995672,1070.8318525793793,595.6859376607438,510.4613902409684,343.0,393.96110228253417,223.50776572797557,394.0,868.0,733.3213739453612,530.5408985094468,728.8936470590374,781.3611881697407,839.9266681476753,908.0,356.0,349.6390470305577,420.4817000959731,256.13598086410815,693.664387818185,212.0349243853352,247.08240530771945,324.1702556686379,183.24711998202366,-300.0,187.0,-7.333894887275207,201.22020931081437,497.4111691664033,240.5715737055051,749.1845193220194,599.9558564503589,35.0,264.77951929395056,332.17973365326117,610.5919602540249,332.5484066933532,781.8200950694295,375.6368755748141,-5.980742821662403,518.0,838.6737334021748,885.0914787631142,824.4621195010727
-300.0,280.77346518753717,195.8793119898299,730.847030120708,340.0,557.0,675.1858934825902,706.0704314910979,31.0,596.3154000410618,259.6342759751726,330.42994472324403,786.258030597741,197.58465631914459,925.2621389609807,503.78185836413394,369.1355456084776,558.6589349540275,208.5483487917462,509.7927179106275,819.2128378022572,761.720632162708,-300.0,304.0,237.02836216334208,938.5014399275046,753.1197287478133,870.0949827127895,333.11120545886064,8.0,770.4752705059931,-300.0,184.89215585027247,750.690432161483,-82.0,693.664387818185,992.0824053077195,213.35758349055385,169.0,735.3835845240244,746.9192826142325,735.0871617194327,748.1524979713088,343.0,864.9760523667569,835.1925140518155,933.7809753149959,769.5408985094468,340.0,781.3611881697407
220.88748766687553,759.6569917202492,905.2781418647955,535.8667502045936,425.905620875659,761.8638127857032,629.5140965802191,643.4606659597418,-214.65735902799727,217.31220132556942,764.1861838206341,256.162075353722,62.274112777602184,905.7195862382048,748.1524979713088,219.99093451614377,-300.0,920.6974368987759,323.6450578407085,880.5619457814632,766.4599431090887,215.0313646218819,-197.0,119.0,24.0,293.0210472720163,470.7603602059674,594.8434726106817,819.2128378022572,267.4727084909076,-300.0,870.1400868229218,253.86462172210503,959.6897854784836,680.5986952708826,485.76533675496387,895.0110752147923,185.0,330.2546678635913,330.551667261078,448.0,346.4521779092201,210.36241674145958,610.0,345.0,195.4907942668852,249.77063617094927,933.7809753149959,627.6918320115668,786.258030597741
782.9574562852691,346.1249702302532,844.7048888103554,811.9974828225772,919.0138771133189,319.15850440813733,920.6974368987759,1064.0,516.3306671553812,618.0200980447268,171.1797336532612,858.8302037861885,938.9741490700595,487.0353519683585,857.0,236.79786235849477,305.87108326075486,810.3847355160353,468.6154268384131,400.2555418697041,25.0,88.0,635.6158258720483,181.50777852616415,882.029793356744,499.32192867999635,703.5074515874416,825.8538995554499,50.0,342.9103727788236,625.5883826462521,837.4356806602553,-235.68707559985364,473.0685281944005,846.0,338.0,970.1600069575147,174.58723649125275,369.5487520709695,317.7027348738525,512.5283164039996,778.6523415106635,80.0,4.493574474122731,722.8526927972252,879.9251708214063,901.475001044676,-222.9045944114839,736.8122183096299,374.0
658.6702965926569,330.0,-84.0,977.5974528872259,503.9803865072722,402.0,779.3128612744949,898.3947612622738,970.1600069575147,1020.5360948515226,778.7443044407581,864.15093350212,815.2741127776022,570.7766371403418,-300.0,348.87571191823065,-300.0,798.2406916402895,219.11930881169326,-160.0,881.304560107331,950.0,220.99379422628866,-300.0,352.0,539.8531161580673,681.5143764231156,856.804922948239,1017.3660173740839,-300.0,-80.0,346.0,-300.0,559.0824053077195,790.4360405499772,775.120166038022,702.0296575233351,229.7784920055696,372.0,889.542474435477,511.0,116.0,838.2363112775573,468.9487938981803,887.1852495986295,709.0416313399567,668.0416313399567,785.0,-300.0,213.0
515.7449275669854,38.0,889.542474435477,758.0824053077195,359.0,602.0298838200792,75.0,1020.5360948515226,720.0,904.0858502869814,411.48434237163923,749.3596985710046,881.8139964036337,691.5463379740361,448.0210472720163,1003.2634746827387,563.392400355393,905.3223059874306,778.7443044407581,478.0,891.2760160742996,684.7468552117379,763.0138771133189,265.8679521850374,558.6252071138636,756.0,872.720632162708,391.0,352.86924292596194,713.7869552905663,758.0,326.9164886081504,827.7171780909887,755.2228261233718,928.0,777.1859333372578,696.8138303844198,428.0,222.3842656256316,778.8019354030148,231.0,876.6963278830704,-300.0,-300.0,934.6233038171663,838.2363112775573,681.5143764231156,856.804922948239,1017.3660173740839,1020.5360948515226
-134.19642040130736,220.54018512964308,621.0693855665945,23.0,309.0,856.804922948239,762.8702611609813,-300.0,1000.1786877287578,181.15273572489423,928.0,698.0,712.5230622639331,1005.5147087519978,-300.0,940.4123962290555,-246.8141421125448,755.804922948239,751.9973354658215,-300.0,850.7464830926485,692.0,63.41575306970218,903.9539709725475,995.9611293289346,888.3757643635727,383.88562580081157,664.0573073791095,899.6718803707458,993.5428018061442,766.8724002503978,706.4606659597418,-89.06662489770319,916.1237310967631,235.81813586889572,983.8866012769073,-21.0,323.28622435294676,234.0,-300.0,195.0,358.97893432950923,539.0,296.98316035206835,330.15093350212,48.0,730.0,357.97926754192497,905.3223059874306,563.035566727086
405.0,794.9880261833785,942.5686527360847,48.0,689.0,978.0210472720163,147.0,550.0,-300.0,885.0277542266379,676.5759797818421,888.2612225402654,460.3643835387035,249.26109303647726,422.9196732809937,797.1021582441184,206.0,1008.3676694353796,864.2755318165721,806.9463165561228,687.3426409720028,970.0369507177536,669.0,923.2334618455604,1048.543636391714,279.7288057396939,117.0,1036.2995155121016,43.0,931.1797336532611,-300.0,15.0,842.3807290729725,760.8753694200459,815.9606876853683,804.5066822433441,-300.0,302.21946169652057,834.1010426844049,864.942358774895,503.08240530771945,333.0,745.4889853106324,805.7399426017664,523.0,484.0,446.1376059745745,560.137056388801,178.0210472720163,995.9611293289346
647.3556747744935,875.2466386754206,920.9878266467551,926.7616755917879,570.9044195742828,982.7342979370933,833.3428128101115,968.04267726446,920.0824053077195,771.1481316035934,820.0,763.7567590576303,887.6445079762427,344.0,792.7731608866463,123.0,824.1642023266131,840.7193025011976,723.0,457.0277542266378,797.1021582441184,642.0,87.89747535560161,268.0,839.4443257754049,40.0,-300.0,872.9566826202371,721.9956508717551,977.0965087177824,972.8544147738394,976.2691962434446,768.2405089685368,726.0,220.26044223450054,783.3186933387597,240.70529542077298,777.88189953916,555.0,646.905620875659,928.0,-300.0,253.91365400963178,826.418702290903,868.9433914846172,372.0,438.4800261208905,1048.543636391714,1017.7911746163904,150.0
751.328028301662,806.0824053077195,246.0,686.6494488038595,840.7193025011976,778.8797699457185,955.5436363917141,179.69562078607564,995.6097294417601,826.4242970541158,519.0,776.7225813850291,918.2335651065835,287.77798596313755,976.2691962434446,877.6233038171663,372.5661741331189,559.2042776661679,753.5150475795065,819.6963278830705,258.0,778.24851093103,760.0000899428812,963.2832011908075,310.24042349970944,489.0,1008.7065437104557,964.9741490700595,963.5284988594578,15.0,814.2140497497708,84.0,797.5805636851411,12.0,730.4486921431203,520.0183729848225,666.1538431333912,799.7464830926485,126.0,807.3392600416954,221.0070034174026,399.905620875659,172.0,800.6926665971366,178.06852819440053,926.1813095792913,989.905620875659,-76.0,9.0,1028.0
933.0904328386107,187.1279246061751,834.3030165041362,1041.1173296930547,709.202117755568,515.905620875659,1028.445324207641,217.67400506846744,-36.256892605198146,535.3257873258268,459.80506479822327,975.5709936684598,621.0,220.24339428457898,827.9803854229182,142.10928270183499,1053.517220337521,955.5436363917141,472.52745840764436,590.2372241900149,841.727463148428,848.9971013535252,-77.0,466.0,998.4704041507839,487.67441039561726,986.460892256486,51.85064242391013,965.6926665971366,789.4208166129213,722.921930537246,107.0,836.5886668921084,468.3744969938641,798.0340144121009,844.125969522933,675.4796973608038,959.0680113045539,303.01891782771236,27.15032521329428,882.4928051300252,3.3817310388126174,79.51503425553898,536.2503826917241,991.4975895453756,938.6484156454965,1042.0,706.3048162254407,607.9531903382488,947.2817583164119
988.0277542266379,329.0,611.0,249.0210472720163,921.7434459452295,494.809297876348,348.0,950.2693240774886,34.0,954.9790015879577,11.0,252.57845581344114,530.4640937701921,-300.0,988.7750719048561,641.0,189.79269186484183,685.15093350212,815.5644777242118,-300.0,938.250165144359,380.0,299.5021350248245,491.89990945684843,971.7853908213775,1009.828888400368,640.0216788524177,884.7065437104555,787.6817436727567,567.905620875659,936.4668006554,789.1248264648505,982.5408985094468,792.5718714186025,936.0138771133189,731.1445149264149,914.1797336532611,836.4325680142798,982.2749701497962,755.7897265067202,215.28542916143527,375.0277542266378,396.0,980.5385246056965,300.0,829.2862500234028,408.0,418.98802618337845,975.5709936684598,192.21692077344244
873.3129244001462,-300.0,875.2756772467909,844.7481750504123,425.702790944773,963.920918881602,183.0212516643259,31.0,423.98802618337845,989.2947296813736,150.0,806.7827228638042,892.2194616965206,905.3426409720028,182.59957447241828,879.4259036519161,479.0,971.7853908213775,253.67615566308018,295.0281556920917,144.0,585.0,751.0003137383474,233.3109306826864,810.9266681476753,479.6384963163057,324.1897000116078,527.8298730753668,870.6584052223031,296.19467013599296,342.143367543166,1008.3807601178567,873.0019032966974,856.7950596462281,220.18928159842363,955.1490790653966,456.0934939068954,783.515399761003,975.5709936684598,323.0,896.5817727784239,1009.2743618609704,270.26632867068133,456.6728120673463,992.4484226818032,667.2067633859613,806.0,286.8469274778249,966.8217510775014,988.7750719048561
1062.5408985094468,974.1002098469501,946.3395590729382,929.9390479347253,955.5547756227659,528.0,814.2055845832017,729.1248538166363,830.5532854974676,491.94413690102874,364.4296791087762,-28.2040086571715,183.85587045478815,805.5868752041231,966.9951963420758,838.0160067067604,935.7070245107063,870.6584052223031,954.0933820598116,292.64304729683533,828.739228428005,9.0,542.0,899.5664591263837,849.7464830926485,91.13705638880108,891.8030524282381,933.0,966.6121956309987,1010.0160067067604,800.4530268031042,581.0,14.0,662.984503340091,804.5917424813849,14.0,145.2741127776022,1002.5408985094468,387.0416313399567,795.4039087389709,852.2791965599827,972.5020278383815,831.7339009872012,750.5373731596848,1076.1250825721795,968.1936107665802,959.7713334140092,880.113108755558,953.0,1034.0305143516432
333.0,877.2213649932179,815.3505064253847,983.3251512535055,929.2563878412532,400.08249667688324,-300.0,1050.0824053077195,537.2169219160077,878.1450839196924,864.312861274495,763.5014399275046,851.4720800020427,999.0824053077195,-108.90459441148391,914.4694699538195,158.80341605758395,858.4751081973136,868.6759083651649,982.0895754664168,782.6304739758637,1044.2365192955226,606.4465193851058,966.6121956309987,502.37582548981953,679.1858578874552,961.6678665594378,1022.6233038171663,67.0,948.0166115381095,883.0957655311918,335.0,-300.0,251.0,1000.2760160742996,-300.0,925.3991953497816,1003.414230961861,811.0,691.1117009512582,1058.8153140249617,1041.9361297546125,1024.6450453551215,849.0210472720163,712.8169730703303,1097.0962824210383,805.4584303341622,-224.42651256490316,110.0,389.0
340.0,926.1528367988174,-300.0,792.0,493.0962824210384,945.4961865142138,525.6094267038475,769.8001192903147,922.528498859458,425.0,1026.4631654255759,877.0,694.5048771343534,439.26330919377324,940.2213649932179,957.2266318552179,990.7641489804762,560.0277542266379,827.9672601749896,225.6972790187681,180.70712009732642,937.2194616965206,904.3569055935855,1086.137056388801,961.3775653573379,874.1381986502065,435.0,211.1153910981692,345.0,27.0,857.3306671553812,350.6489547053977,983.0823692181236,22.0,8.0,951.8734511426394,969.2714662644987,861.4206684551655,977.8001192903147,354.0,639.0,331.0,469.8795896516691,887.0149238819217,321.2409251043548,449.59314498736296,1022.0,357.0,505.46316542557605,1023.0
965.4671408237548,1013.0,834.8135918664132,391.13705638880106,222.58684296584545,777.0,-300.0,958.5169508762037,390.3246554954442,39.0138771133189,184.17624470616096,762.1039712186143,884.106789952479,105.0,653.068110256356,183.26542898350937,-140.7609734062311,306.0,339.03530107613574,981.4421647841713,420.77456665557816,317.90680892353737,858.2509593281187,911.7334633515236,632.7200494422805,100.28989318761845,1043.0,611.1791509328336,-24.89119214821841,429.0,930.2239575680242,366.0030565165501,516.6233038171663,882.7483863893459,1009.0210828671513,61.0,411.82291634600347,128.0,566.0138771133189,909.9947449403103,97.22347676777343,746.3368898522754,973.8322890233343,1104.463134380692,-300.0,446.0,285.0,1086.137056388801,497.8305803581318,965.2482618476618
-300.0,6.0,947.3367913895752,1016.0824053077195,894.0277542266379,1055.514621746139,215.0,767.9612651623434,-300.0,275.0,256.0,-300.0,91.0,184.06456830598137,975.6435307746523,776.9340821992917,956.7750524445278,929.9880261833785,872.709150301202,814.9286161920622,1005.6653983611989,960.3705182343615,1034.8806273179125,546.9964113576756,989.7702874895058,180.39088083309701,988.4891966495659,51.0,167.0,902.1739825335337,976.1241596833972,882.3378373140786,375.0,919.0307034478385,399.32076357285234,959.0670768670302,993.3605331565744,874.9194166231115,858.0303760771714,931.0,771.7740807400363,412.35050642538465,-300.0,843.2182310213176,875.1106227384331,460.0,352.0,606.0,748.8724524972959,965.4671408237548
363.0685281944005,222.4470961872717,992.6094267038475,814.9286161920622,902.9370628028826,917.948298140119,970.1106227384331,1014.6664768396877,905.8815733171871,875.8030374704275,676.9330362747882,965.4671408237548,1015.1888220664665,914.5173728011481,986.6991590573243,444.3717274859382,180.90738219366668,569.0138771133189,966.4660013856337,317.2807913497486,974.3516015511641,180.75826623965366,487.05059840848554,809.573649334468,604.0,391.9741490700595,827.0,310.0514475244119,29.49492367550937,528.0,990.0,830.0,481.0,937.2879898909212,185.11819739751905,213.0,-300.0,880.5863136561741,1034.0637245364765,40.76272670674064,900.82002712421,710.056554377779,231.60766804070977,931.0,968.1814221535483,948.6659810816265,11.0,1023.5993561839232,-300.0,26.757094250958644
874.0138771133189,919.88189953916,955.8188000615578,106.0,436.5122546020873,911.3243166679356,900.1103858311013,965.137056388801,508.7037486940304,852.0,615.2055845832017,186.02641625801706,853.321972629592,905.8815733171871,1016.3246554954442,949.8506424239101,1012.4204881611159,922.1112054588606,-300.0,939.2099821004174,878.0138771133189,95.06852819440056,901.5401876981217,1042.962175253438,282.5547634401829,973.7473404648424,889.9757249960896,993.1807804218638,860.6867402711399,896.0,166.82070335825517,971.2614499857038,823.1602332542589,744.8273501718317,916.2245454789011,383.20558458320164,925.6233038171663,1004.0824053077195,987.15093350212,197.52952425606637,902.9370628028826,459.8652617956093,240.77669986794996,832.8098684561473,943.475261626897,9.0,217.4612310839946,917.9510670672703,965.4671408237548,729.0
935.2604847476516,857.6094267038474,178.0,913.9965320638339,51.0,916.7128792835831,932.0041053751851,924.5873645484157,380.0,865.8640877197101,866.1504869820992,985.3711022956354,-300.0,888.3024857780664,996.4286065642268,766.6613885643817,989.1667139121363,-140.62681246721883,1027.1152777325044,227.45492220062755,857.1204948152214,340.82989632609525,938.4577823904023,959.7382980505357,937.5267188619268,936.9713471715329,946.5796259441265,183.85917541762336,1035.4499807889474,971.8417649051071,463.37232311686853,913.8246331836159,-18.0,317.57900224652025,219.39446805094911,448.0,892.566117739776,971.2614499857038,847.8110614572686,991.4558171879532,941.5030737628848,890.4959572272065,405.2250724173518,931.9888052429385,905.8815733171871,310.56207444115336,973.005590997283,131.0,-300.0,1050.3643835387036
909.30186700424,722.588396423388,1007.5845523322189,905.8815733171871,400.2614266845154,991.9194979889779,404.0,1024.1858578874553,976.1780794399322,-300.0,972.5619604368732,950.4660013856337,938.4577823904023,684.4404878622299,833.1503252132943,1034.734509276027,991.6094267038474,-300.0,980.0679810691081,891.7670999964198,830.0226231980464,882.7755527051067,860.0,971.8417649051071,176.0,983.633811348607,982.0956741322127,271.94007098178577,725.4740845155484,893.9202509903084,839.6197026688292,214.0,377.0,-300.0,868.0,898.8371730463803,1001.137056388801,1050.3643835387036,959.8758256121438,935.2920049621739,956.0670619092195,713.6947812327676,909.2345531312601,975.3322779689881,255.70719175892913,905.3613706032197,32.66427568880897,360.0,959.7382980505357,792.3123938139458
926.9197877862325,163.0,-300.0,472.0,112.0,925.7416794347243,1002.2055845832017,851.137056388801,907.5893908808341,580.0138771133189,606.0685281944005,901.3636882440189,619.7107896624273,159.0,931.3820647947306,83.0,980.9333751022968,947.5547756227659,51.0,962.2425107279344,46.0,1007.8223383328066,1015.2741127776022,957.68729781496,739.0,1093.3505064253845,-300.0,961.8646311161086,195.0,508.57870305534414,929.7851962524925,522.0559716573515,73.0,764.3603577423028,912.4409368133088,828.4308774636752,156.0,944.8608690371923,975.4341197351168,814.4770425388949,935.221364993218,896.0517507198548,1040.0833049997045,802.0,918.3837870588548,897.9266681476753,558.0584576744764,980.367920670781,804.6541312961033,-94.0
637.0,923.7822420635534,871.9184638667848,1002.1932719390716,866.5528094585034,1007.8223383328066,774.1173296930547,-300.0,1000.7170512418962,961.5854790706043,-300.0,1013.5968701667983,975.2155030645943,604.0843086044168,934.232122232188,-300.0,662.6374935682963,754.6098047301588,1036.0,1038.1053660359207,895.0138771133189,992.1143859445438,302.905620875659,417.0,901.189535679936,-50.86774726912307,888.5686837771726,940.5030737628848,228.55477562276576,967.9693454121355,182.60184044944714,197.43846361907632,964.138036796716,811.5547395331697,-300.0,-300.0,993.4682575465773,183.00049400807748,10.0,771.448625494487,944.0338839335216,227.45386157301922,30.0,714.1139743860119,595.0,963.819871815617,1041.7934448896785,902.4345455684843,917.702790944773,829.2055845832017
-300.0,512.5397726961269,899.4111691664032,984.905620875659,1025.5898568951611,502.0,890.9769037223753,1051.3976994879772,64.16752475696639,464.3217523160302,-300.0,888.7314971872611,193.6093498757264,979.8302037861885,622.0,267.62002415584766,420.3354948304325,891.391540933357,898.0277542266379,987.345401640894,999.2951600496185,206.6303173905737,986.522374625264,884.6438317421976,525.137056388801,954.3854308107199,873.4615208812493,-66.0,615.0,1032.6304739758637,936.2205453654585,982.7635788884852,904.1522285099916,1028.2082782183516,925.3782606520225,913.1521605647722,991.8638127857032,349.770454955592,906.3522691558721,194.87720970592576,969.8519463528893,803.7180187809613,1090.15093350212,914.420488161116,622.9649380088686,1018.231782620676,1002.7624218541894,865.9430032861662,457.54089850944683,17.30749683204226
357.0,1064.0,-300.0,884.2760160742996,805.0,1024.0307034478385,539.5302400786459,1073.6935239693307,914.7472372025114,914.3516015511641,-300.0,-300.0,-300.0,839.4029429866357,44.23400427985173,856.2055845832017,914.0019032966974,818.9437705897851,898.5254553079767,54.0,845.2327305210137,993.3656900034166,-53.0,861.9054441256599,501.0,776.315954576181,934.3662868354008,1032.6304739758637,-300.0,925.7104454696101,948.0,921.4704468176842,-121.18909707619059,195.92713988035277,929.8160270107676,530.619334744812,1016.154112408665,1017.3842723119595,267.0962824210384,922.4891966495659,-300.0,-300.0,937.7158285047838,967.1622361623508,560.2055845832016,787.0,171.0,251.01938762424066,964.3167900420623,1032.4935744741226
